<?xml version="1.0" encoding="utf-8" ?><dwsync><file name="LIFE-logos.jpeg" server="saturn.csit.rmit.edu.au//home/sh5/S3789585/public_html/wp/a1/" local="3710816737" remote="3711765293" Dst="-1" /><file name="warning.svg" server="saturn.csit.rmit.edu.au//home/sh5/S3789585/public_html/wp/a1/" local="3711002208" remote="3711765293" Dst="-1" /><file name="LIFE-logos_white.png" server="saturn.csit.rmit.edu.au//home/sh5/S3789585/public_html/wp/a1/" local="3711003954" remote="3711765293" Dst="-1" /><file name="pana.svg" server="saturn.csit.rmit.edu.au//home/sh5/S3789585/public_html/wp/a1/" local="3711014056" remote="3711765292" Dst="-1" /><file name="account.svg" server="saturn.csit.rmit.edu.au//home/sh5/S3789585/public_html/wp/a1/" local="3711079897" remote="3711765292" Dst="-1" /><file name="french-fries.svg" server="saturn.csit.rmit.edu.au//home/sh5/S3789585/public_html/wp/a1/" local="3711444669" remote="3711765293" Dst="-1" /><file name="meal-pana.svg" server="saturn.csit.rmit.edu.au//home/sh5/S3789585/public_html/wp/a1/" local="3711448207" remote="3711765292" Dst="-1" /><file name="arrow-right.svg" server="saturn.csit.rmit.edu.au//home/sh5/S3789585/public_html/wp/a1/" local="3711451999" remote="3711765292" Dst="-1" /><file name="fried-chicken.svg" server="saturn.csit.rmit.edu.au//home/sh5/S3789585/public_html/wp/a1/" local="3711452726" remote="3711765293" Dst="-1" /><file name="vegan.svg" server="saturn.csit.rmit.edu.au//home/sh5/S3789585/public_html/wp/a1/" local="3711454194" remote="3711765291" Dst="-1" /><file name="cookie.svg" server="saturn.csit.rmit.edu.au//home/sh5/S3789585/public_html/wp/a1/" local="3711454273" remote="3711765292" Dst="-1" /><file name="carrot.svg" server="saturn.csit.rmit.edu.au//home/sh5/S3789585/public_html/wp/a1/" local="3711454185" remote="3711765292" Dst="-1" /><file name="chocolate.svg" server="saturn.csit.rmit.edu.au//home/sh5/S3789585/public_html/wp/a1/" local="3711454280" remote="3711765293" Dst="-1" /><file name="result_bg.svg" server="saturn.csit.rmit.edu.au//home/sh5/S3789585/public_html/wp/a1/" local="3711764598" remote="3711765293" Dst="-1" /><file name="refresh-cw.svg" server="saturn.csit.rmit.edu.au//home/sh5/S3789585/public_html/wp/a1/" local="3711775386" remote="3711775418" Dst="-1" /><file name="meal-bg1.svg" server="saturn.csit.rmit.edu.au//home/sh5/S3789585/public_html/wp/a1/" local="3711779338" remote="3711779369" Dst="-1" /><file name="service_bg.svg" server="saturn.csit.rmit.edu.au//home/sh5/S3789585/public_html/wp/a1/" local="3711948827" remote="3711949054" Dst="-1" /><file name="service_illus.svg" server="saturn.csit.rmit.edu.au//home/sh5/S3789585/public_html/wp/a1/" local="3711948839" remote="3711949054" Dst="-1" /><file name="act01.jpg" server="saturn.csit.rmit.edu.au//home/sh5/S3789585/public_html/wp/a1/" local="3712017920" remote="3712018684" Dst="-1" /><file name="status-closed.svg" server="saturn.csit.rmit.edu.au//home/sh5/S3789585/public_html/wp/a1/" local="3712020795" remote="3712020961" Dst="-1" /><file name="status-readytoclose.svg" server="saturn.csit.rmit.edu.au//home/sh5/S3789585/public_html/wp/a1/" local="3712020787" remote="3712020961" Dst="-1" /><file name="status-on.svg" server="saturn.csit.rmit.edu.au//home/sh5/S3789585/public_html/wp/a1/" local="3712020758" remote="3712020961" Dst="-1" /><file name="icons8-info.svg" server="saturn.csit.rmit.edu.au//home/sh5/S3789585/public_html/wp/a1/" local="3712118508" remote="3712118707" Dst="-1" /><file name="icons8-for-you.svg" server="saturn.csit.rmit.edu.au//home/sh5/S3789585/public_html/wp/a1/" local="3712119105" remote="3712119753" Dst="-1" /><file name="act03.jpg" server="saturn.csit.rmit.edu.au//home/sh5/S3789585/public_html/wp/a1/" local="3712121551" remote="3712127574" Dst="-1" /><file name="act02.jpg" server="saturn.csit.rmit.edu.au//home/sh5/S3789585/public_html/wp/a1/" local="3712121445" remote="3712127574" Dst="-1" /><file name="act05.jpg" server="saturn.csit.rmit.edu.au//home/sh5/S3789585/public_html/wp/a1/" local="3712121488" remote="3712127574" Dst="-1" /><file name="act04.jpg" server="saturn.csit.rmit.edu.au//home/sh5/S3789585/public_html/wp/a1/" local="3712121507" remote="3712127574" Dst="-1" /><file name="arrow1.png" server="saturn.csit.rmit.edu.au//home/sh5/S3789585/public_html/wp/a1/" local="3712128505" remote="3712128941" Dst="-1" /><file name="yoga.mp4" server="saturn.csit.rmit.edu.au//home/sh5/S3789585/public_html/wp/a1/" local="3712131083" remote="3712131227" Dst="-1" /><file name="stretch-1.jpg" server="saturn.csit.rmit.edu.au//home/sh5/S3789585/public_html/wp/a1/" local="3712134202" remote="3712134577" Dst="-1" /><file name="stretch-2.jpg" server="saturn.csit.rmit.edu.au//home/sh5/S3789585/public_html/wp/a1/" local="3712134123" remote="3712134577" Dst="-1" /><file name="stretch-3.jpg" server="saturn.csit.rmit.edu.au//home/sh5/S3789585/public_html/wp/a1/" local="3712134165" remote="3712134578" Dst="-1" /><file name="stretch-4.jpg" server="saturn.csit.rmit.edu.au//home/sh5/S3789585/public_html/wp/a1/" local="3712134189" remote="3712134578" Dst="-1" /><file name="group-meditation.jpeg" server="saturn.csit.rmit.edu.au//home/sh5/S3789585/public_html/wp/a1/" local="3712133241" remote="3712134578" Dst="-1" /><file name="images-medi-teacher.png" server="saturn.csit.rmit.edu.au//home/sh5/S3789585/public_html/wp/a1/" local="3712132763" remote="3712134578" Dst="-1" /><file name="healthy-habits-1.jpg" server="saturn.csit.rmit.edu.au//home/sh5/S3789585/public_html/wp/a1/" local="3712135278" remote="3712135437" Dst="-1" /><file name="healthy-habits-3.jpg" server="saturn.csit.rmit.edu.au//home/sh5/S3789585/public_html/wp/a1/" local="3712135253" remote="3712135438" Dst="-1" /><file name="healthy-habits-2.jpg" server="saturn.csit.rmit.edu.au//home/sh5/S3789585/public_html/wp/a1/" local="3712135283" remote="3712135438" Dst="-1" /><file name="healthy-habits-6.jpg" server="saturn.csit.rmit.edu.au//home/sh5/S3789585/public_html/wp/a1/" local="3712135271" remote="3712135438" Dst="-1" /><file name="healthy-habits-5.jpg" server="saturn.csit.rmit.edu.au//home/sh5/S3789585/public_html/wp/a1/" local="3712135264" remote="3712135438" Dst="-1" /><file name="healthy-habits-4.jpg" server="saturn.csit.rmit.edu.au//home/sh5/S3789585/public_html/wp/a1/" local="3712135259" remote="3712135438" Dst="-1" /><file name="home-1.svg" server="saturn.csit.rmit.edu.au//home/sh5/S3789585/public_html/wp/a1/" local="3712203898" remote="3712205952" Dst="-1" /><file name="icons8-sun.svg" server="saturn.csit.rmit.edu.au//home/sh5/S3789585/public_html/wp/a1/" local="3712209666" remote="3712209943" Dst="-1" /><file name="hch-icon-2.svg" server="saturn.csit.rmit.edu.au//home/sh5/S3789585/public_html/wp/a1/" local="3712210894" remote="3712211263" Dst="-1" /><file name="hch-icon-3.svg" server="saturn.csit.rmit.edu.au//home/sh5/S3789585/public_html/wp/a1/" local="3712210841" remote="3712211263" Dst="-1" /><file name="hch-icon-1.svg" server="saturn.csit.rmit.edu.au//home/sh5/S3789585/public_html/wp/a1/" local="3712210901" remote="3712211263" Dst="-1" /><file name="home-bg2.jpg" server="saturn.csit.rmit.edu.au//home/sh5/S3789585/public_html/wp/a1/" local="3712213955" remote="3712219409" Dst="-1" /><file name="home-bg.jpeg" server="saturn.csit.rmit.edu.au//home/sh5/S3789585/public_html/wp/a1/" local="3712213165" remote="3712219409" Dst="-1" /></dwsync>