<?xml version="1.0" encoding="utf-8" ?><dwsync><file name="index.html" server="saturn.csit.rmit.edu.au//home/sh5/S3789585/public_html/" local="3710202103" remote="3710202110" Dst="-1" /><file name=".gitattributes" server="saturn.csit.rmit.edu.au//home/sh5/S3789585/public_html/" local="3710202561" remote="3710202876" Dst="-1" /><file name="index.html" server="saturn.csit.rmit.edu.au//home/sh5/S3789585/public_html/wp/a1/" local="3712222621" remote="3712222622" Dst="-1" /><file name=".gitattributes" server="saturn.csit.rmit.edu.au//home/sh5/S3789585/public_html/wp/a1/" local="3710202561" remote="3712127573" Dst="-1" /><file name=".htaccess" server="saturn.csit.rmit.edu.au//home/sh5/S3789585/public_html/wp/a1/" local="3710203169" remote="3710203184" Dst="-1" /><file name="contact.html" server="saturn.csit.rmit.edu.au//home/sh5/S3789585/public_html/wp/a1/" local="3712222075" remote="3712222075" Dst="-1" /><file name="service.html" server="saturn.csit.rmit.edu.au//home/sh5/S3789585/public_html/wp/a1/" local="3712222077" remote="3712222077" Dst="-1" /><file name="register.html" server="saturn.csit.rmit.edu.au//home/sh5/S3789585/public_html/wp/a1/" local="3712222075" remote="3712222076" Dst="-1" /><file name="login.html" server="saturn.csit.rmit.edu.au//home/sh5/S3789585/public_html/wp/a1/" local="3712222881" remote="3712222881" Dst="-1" /><file name="meal-planner.html" server="saturn.csit.rmit.edu.au//home/sh5/S3789585/public_html/wp/a1/" local="3712223237" remote="3712223237" Dst="-1" /><file name="services-yoga.html" server="saturn.csit.rmit.edu.au//home/sh5/S3789585/public_html/wp/a1/" local="3712222075" remote="3712222075" Dst="-1" /><file name="services-streching.html" server="saturn.csit.rmit.edu.au//home/sh5/S3789585/public_html/wp/a1/" local="3712222076" remote="3712222076" Dst="-1" /><file name="services-meditation.html" server="saturn.csit.rmit.edu.au//home/sh5/S3789585/public_html/wp/a1/" local="3712222077" remote="3712222077" Dst="-1" /><file name="services-healthy-habits.html" server="saturn.csit.rmit.edu.au//home/sh5/S3789585/public_html/wp/a1/" local="3712222078" remote="3712222079" Dst="-1" /></dwsync>